record_id,case,interval,control_volume,quantity,observed_value,unit,classification,canonical_tcd,related_tcd,causal_owner,source_state_or_transfer_coordinates,runtime_reconciliation,allocation_route,admission_effect
R004,CranGrass,TITO=1,CV-SOIL-P,P,-0.723582514679947,kg/ha P,KNOWN_TCD,TCD-014,,initial P partition / first Transgen solve,"Inicalc.for:729-769; Transgen.for:356-380; INPO=1 Copo/Amcxfa/Amcxsl/Ampopr -> Rscopo/Rsamcxfa/Rsamcxsl/Rsampopr","MASSQ02 Transgen trace sum(BAPD-BATR)*10000=-0.7235825146784506 kg/ha P",none,blocks_mass_admission_until_TCD_policy_is_admitted
R005,LWKM_gras_1040.2021.2045,TITO=2312,CV-SOIL-N,N,0.5787119019951206,kg/ha N,KNOWN_TCD,TCD-015,,NO3 negative-concentration reconstruction,"Transsub.for:128-135 and 286-305; TRANSPORT.FOR:251-270; Coni/Rsconi + aqueous storage/transport","PREP01 causal identity Avc*Hv*St*Ld=0.5787119019887 kg/ha N; MASSQ01 observer reproduces the event",none,blocks_mass_admission_until_TCD_policy_is_admitted
R006,LWKM_gras_1040.2021.2045,whole observed run,CV-SOIL-P,P,-0.2725459891917126,kg/ha P,KNOWN_TCD,TCD-019,,recurring nonlinear PO4 conservation policy,"Transorp.for:Sorpfast around 2309/2346; Transgen.for:356-380; PO4 aqueous/fast/slow/precipitated stores","PREP01 source-bound cumulative Transgen drift explains the run-scale residual; no tolerance applied",none,blocks_mass_admission_until_TCD_policy_is_admitted
R007,Puitmijn_Cranendonck_60,TITO=1490,CV-SOIL-N,NH4-N component,0.13880242022597,kg/ha N,KNOWN_TCD,TCD-016,,surface-layer wet-to-dry dissolved NH4 state loss,"Transsub.for:125-190; layer 0 Conh/Rsconh with Mofro/Mofrt and Fu","Mto*Ld*Co=0.13880242022597072 kg/ha N and no represented alternate dry-solute state",none,blocks_mass_admission_until_TCD_policy_is_admitted
R008,LWKM_gras_1040.2021.2045,legacy water balance period,legacy Bawa water profile,water,-0.0601,mm approx,REPORTING_SEMANTIC_DIFFERENCE,TCD-018,,legacy water reporter omits interception storage,"physical state Sic/Sict; public Bawa/Outbal reporting surface","physical state mapping includes interception; legacy report does not",none,does_not_define_physical_mass_tolerance
R009,LWKM_gras_1040.2021.2045,legacy organic-P balance period,legacy Bapo organic-P profile,P,0.0494,kg/ha P approx,REPORTING_SEMANTIC_DIFFERENCE,TCD-017,,legacy redistribution reporter omits top-reservoir leg,"Addit redistribution state transfer vs Bapo(Redi) reporting slot","PREP06 source identity shows physical redistribution is internal while reporting projection is incomplete",none,does_not_define_physical_mass_tolerance
R010,CranGrass,TITO=724,CV-HYDRO-PROFILE,water,-0.0030198960466805147,mm,UNEXPLAINED,,,hydrology/profile observer seam,"Mofro/Mofrt + Pn/Pnt + Snla/Snt + Sic/Sict; Input_hydro/Hydro_detailed external water transfers","independent Wabaer at this interval is -0.01026848 mm and does not explain the observer residual",none,blocks_mass_admission_pending_causal_resolution
R011,CranGrass,TITO=726,CV-SOIL-N,N,0.0038163099216035334,kg/ha N,NEW_CAUSAL_FINDING,,,local dissolved-N transport solve,"TRANSPORT.FOR:251-270; layer 0 Sol.Org.Nit/NH4/NO3 local BAPD-BATR","independent MAIN-ANIMO trace=0.0038163099170967787 kg/ha N; components DON=1.8173119864e-08 NH4=0.0023300858448482213 NO3=0.0014862058991461323",B3I02_REQUIRED_NO_TCD_ALLOCATED,blocks_mass_admission_pending_canonical_intake
R012,CranMais,TITO=1036,CV-SOIL-N,N,-0.0000032822208595462143,kg/ha N,NEW_CAUSAL_FINDING,,TCD-015 candidate family,local dissolved-N transport solve,"TRANSPORT.FOR:251-270; dominant layer 6 NITRATE BAPD-BATR","independent MAIN-ANIMO trace=-0.0000032822245765048552 kg/ha N; dominant layer 6 NO3=-0.000003282224559577422 kg/ha N",B3I02_REQUIRED_NO_TCD_ALLOCATED,blocks_mass_admission_pending_canonical_intake
R013,GrassPeat,TITO=5224,CV-SOIL-N,N,0.29986345767974854,kg/ha N,NEW_CAUSAL_FINDING,,TCD-015 candidate family,local nitrate transport solve,"Transsub.for:144-157 adjustment path plus TRANSPORT.FOR:251-270; layers 1-2 NO3","independent MAIN-ANIMO trace=0.2998634577479425 kg/ha N; layer1=0.15830525480908667 layer2=0.141558202938802; source emits zero-order adjustment message",B3I02_REQUIRED_NO_TCD_ALLOCATED,blocks_mass_admission_pending_canonical_intake
R014,LWKM_gras_1040.2021.2045,TITO=8531,CV-SOIL-N,N,0.5842666837997967,kg/ha N,NEW_CAUSAL_FINDING,,TCD-015 candidate family,local nitrate transport solve,"TRANSPORT.FOR:251-270; dominant layer 1 NITRATE BAPD-BATR","independent MAIN-ANIMO trace=0.5842666837650191 kg/ha N; dominant layer1 NO3=0.5842666837650224",B3I02_REQUIRED_NO_TCD_ALLOCATED,blocks_mass_admission_pending_canonical_intake
R015,Puitmijn_Cranendonck_60,TITO=1490,CV-SOIL-N,N,0.2240510811934655,kg/ha N,NEW_CAUSAL_FINDING,,TCD-016,composite layer-0 NH4 plus NO3 transport seam,"Transsub.for:125-190; TRANSPORT.FOR:251-270; layer0 NH4/NO3 plus negligible layer1 NO3","independent MAIN-ANIMO trace=0.22405108118892397 kg/ha N; known NH4 TCD-016 component=0.13880242022597072; additional layer0 NO3=0.08524873053248594; layer1 NO3=-6.9569530453e-08",B3I02_REQUIRED_NO_TCD_ALLOCATED,blocks_mass_admission_pending_canonical_intake_of_NO3_component
R016,RuurloGrass,TITO=1915,CV-SOIL-N,N,0.0067493732130969875,kg/ha N,UNEXPLAINED,,,non-TRANSPORT process or observer-transfer seam,"observer owner state/transfer sidecars; legacy banhGP/baniGP component reports; TRANSPORT.FOR local equation excluded as cause","MAIN-ANIMO local TRANSPORT mismatch=-1.9227740145e-14 kg/ha N while legacy NH4 and NO3 period components sum to approximately the observer residual",none,blocks_mass_admission_pending_causal_resolution
R017,STONE_akk_0006.2001.2015,TITO=2382,CV-SOIL-N,N,0.023667581954214256,kg/ha N,NEW_CAUSAL_FINDING,,TCD-015 candidate family,local nitrate transport solve,"TRANSPORT.FOR:251-270; dominant layer 6 NITRATE BAPD-BATR","independent MAIN-ANIMO trace=0.023667581953343442 kg/ha N; dominant layer6 NO3=0.02366758195333649",B3I02_REQUIRED_NO_TCD_ALLOCATED,blocks_mass_admission_pending_canonical_intake
R018,Zuiderzeeland_MeeuwenTocht_1_Akkerbouw_AWA,TITO=637,CV-SOIL-N,N,0.00000007479684427380562,kg/ha N,NEW_CAUSAL_FINDING,,TCD-015 candidate family,local nitrate transport solve,"TRANSPORT.FOR:251-270; dominant layer 6 NITRATE BAPD-BATR","independent MAIN-ANIMO trace=0.00000007484243194963797 kg/ha N; dominant layer6 NO3=0.00000007485352471631912",B3I02_REQUIRED_NO_TCD_ALLOCATED,blocks_mass_admission_pending_canonical_intake
R019,GrassPeat,TITO=10,CV-SOIL-P,P,-0.001716168328130152,kg/ha P,NEW_CAUSAL_FINDING,,TCD-014,first-step P partition/Transgen seam with slow-site inconsistency,"Inicalc.for:729-769; Transgen.for:356-380; INPO=1 Copo/Amcxsl state","independent Transgen trace=-0.0017161683016003553 kg/ha P; INICALC reports supplied slow-site values inconsistent with Copo",B3I02_REQUIRED_NO_TCD_ALLOCATED,blocks_mass_admission_pending_canonical_intake
R020,LWKM_gras_1040.2021.2045,TITO=4503,CV-SOIL-P,P,-0.0013402465956460219,kg/ha P,NEW_CAUSAL_FINDING,,TCD-019,local PO4 Transgen mass equation,"Transgen.for:356-380; PO4 aqueous/fast/slow/precipitated stores","independent Transgen trace=-0.0013402465950205487 kg/ha P; the documented TCD-019 tangent+Newton probe did not change this target event, so identity with TCD-019 is not assumed",B3I02_REQUIRED_NO_TCD_ALLOCATED,blocks_mass_admission_pending_canonical_intake
R021,Puitmijn_Cranendonck_60,TITO=1490,CV-SOIL-P,P,0.013332924185306183,kg/ha P,NEW_CAUSAL_FINDING,,TCD-019 candidate family,local PO4 Transgen mass equation,"Transgen.for:356-380; PO4 aqueous/fast/slow/precipitated stores","independent Transgen trace=0.013332903069614349 kg/ha P; no admitted existing TCD mechanism explains the event",B3I02_REQUIRED_NO_TCD_ALLOCATED,blocks_mass_admission_pending_canonical_intake
R022,STONE_akk_0006.2001.2015,TITO=10,CV-SOIL-P,P,0.0024388999518123455,kg/ha P,NEW_CAUSAL_FINDING,,TCD-014,first-step P partition/Transgen seam with slow-site inconsistency,"Inicalc.for:729-769; Transgen.for:356-380; INPO=1 Copo/Amcxsl state","independent Transgen trace=0.002438899952469473 kg/ha P; INICALC reports supplied slow-site values inconsistent with Copo",B3I02_REQUIRED_NO_TCD_ALLOCATED,blocks_mass_admission_pending_canonical_intake
R023,Zuiderzeeland_MeeuwenTocht_1_Akkerbouw_AWA,TITO=1,CV-SOIL-P,P,-0.025991071459429804,kg/ha P,NEW_CAUSAL_FINDING,,TCD-014,first-step P partition/Transgen seam with slow-site inconsistency,"Inicalc.for:729-769; Transgen.for:356-380; INPO=1 Copo/Amcxsl state","independent Transgen trace=-0.02599107146142396 kg/ha P; INICALC reports supplied slow-site values inconsistent with Copo",B3I02_REQUIRED_NO_TCD_ALLOCATED,blocks_mass_admission_pending_canonical_intake
R024,LWKM_gras_1040.2021.2045,TITO=3073,CV-SOIL-ORGANIC-C,soil-organic C,-0.000028300704434514044,kg/ha C,NEW_CAUSAL_FINDING,,,dissolved organic-matter transport solve projected through Cfracom,"TRANSPORT.FOR:251-270 for Sol.Org.Mat; MASSQ01 C projection=Cfracom(0.58)*CV-SOIL-OM","independent MAIN-ANIMO dissolved-OM trace=-0.000048794859983485134 kg/ha OM; multiplied by 0.58 gives -0.000028301018790421378 kg/ha C, matching the bounded observer scale without making a whole-system C claim",B3I02_REQUIRED_NO_TCD_ALLOCATED,blocks_mass_admission_for_bounded_soil_organic_C_pending_canonical_intake
R025,MP02 synthetic complete-case,TITO=1,CV-MATRIX-MACROPORE-WATER,water,-0.0000006,mm approx,KNOWN_TCD,TCD-025,,main public macropore water ledger integration gap,"MAPOHYDRO specialized SrWaMpOld/SrWaMp storage identity vs Outbal_calc public interface","synthetic MP02 B1 only; natural testbank has no active macropore case",none,feature_scoped_mass_admission_blocked
R026,MP02 synthetic complete-case,TITO=1,CV-MATRIX-MACROPORE-N,N,NH4 +0.000582; NO3 +0.000507,kg/ha N differential,KNOWN_TCD,TCD-025,,main public macropore solute ledger integration gap,"MAPOTRANSPORT SrWaMpOld*CoMp -> SrWaMp*RsCoMp plus direct drainage vs Outbal_calc public interface","synthetic MP02 B1 only; natural testbank has no active macropore case",none,feature_scoped_mass_admission_blocked
