local_key,source_workunit,source_evidence_head,routine,process,phenomenon,affected_state_flux,existing_tcd_relation,proposed_atomicity,b3_class,theory_dependency,b2_dependency,numerical_dependency,build_contract_dependency,canonical_disposition,canonical_tcd_id,qualification_owner,notes
NQ02-LCL-IFLSOL4-DETCOEF-CANCELLATION,ANIMO-NQ02,40a41089020f78ee1d5181b8afc7bdb511af3193,Transsub.for:Detcoef|Transorp.for:Coefdc,generic solute transport coefficient evaluation,Iflsol4 analytical coefficient construction suffers cancellation at small differences with material natural-case trajectory effect,Rsc|Avc|transport coefficient trajectory,DISTINCT_FROM_TCD019_AND_TCD024,ATOMIC_NUMERICAL_COEFFICIENT_EVALUATION,E,analytical coefficient identity and stable evaluation equivalence required,historical B2 Iflsol4 unrounded trajectory not qualified,HIGH precision and cancellation study required,NONE_KNOWN,NEW_CANONICAL_TCD_CANDIDATE,TCD-029,PROPOSED_ANIMO-NQ03,Reserved fail-closed by B3I01; no numerical policy admitted
SQ01-TCD016-C1,ANIMO-SQ01,26d0c74aa440bd73c23709d313e24ea8af2a0bcd,Transsub.for|Hydro_detailed|Hydro_aggregated,NH4 surface drydown continuation state,wet-to-dry surface transition lacks a representable conservative NH4 continuation owner,surface NH4 mass|phase state,CHILD_OF_TCD016,ATOM_TCD016_C1,C,authoritative dry-phase identity and remobilization law still missing,B2 characterizes historical transition but cannot justify missing state,C1 precedes any E1 policy qualification,NONE_KNOWN,ATOMIZE_EXISTING_TCD,TCD-016-C1,PROPOSED_ANIMO-SQ02,Blocked on phase theory and independent scientific review
SQ01-TCD016-E1,ANIMO-SQ01,26d0c74aa440bd73c23709d313e24ea8af2a0bcd,Transsub.for|Hydro_detailed|Hydro_aggregated,low-storage surface transport transition,numerical activation and export thresholds around layer0 deactivation require a separate policy from the missing state model,layer0 transport flux|Rsc|Avc,CHILD_OF_TCD016,ATOM_TCD016_E1,E,physical semantics inherited from C1 must be fixed first,B2 unrounded threshold-path characterization required,HIGH threshold and transition envelope qualification,NONE_KNOWN,ATOMIZE_EXISTING_TCD,TCD-016-E1,PROPOSED_ANIMO-NQ04,Strict order C1 before E1
SQ01-LCL-UBOUNDCONC-DRY-DEPOSITION-1MM,ANIMO-SQ01,26d0c74aa440bd73c23709d313e24ea8af2a0bcd,UBoundconc.for,surface dry-deposition routing,independent 1 mm routing threshold is source-visible but causal relation to TCD016 or a separate defect is not established,upper-boundary solute routing,ADJACENT_TO_TCD016_NOT_MERGED,UNDECIDED_PROVISIONAL,E,physical derivation of threshold not recovered,no B2 causal activation evidence,threshold policy materiality not established,NONE_KNOWN,INSUFFICIENT_EVIDENCE,,ANIMO-SQ01_FOLLOWUP,Do not open or widen TCD016 from source proximity alone
SQ01-LCL-TRANSCA-LAYER0-PARAMETER-INITIALIZATION,ANIMO-SQ01,26d0c74aa440bd73c23709d313e24ea8af2a0bcd,Transca.for|Rates|Inicalc,layer0 soluble-organic transport parameters,Transca consumes layer0 parameter values for which no explicit source writes were found but runtime effect was not qualified,Recfca(0)|Recfpddior*(0)|Rhbd(0)|Socfdom(0),ADJACENT_TO_TCD016_SCOPE_GUARD_ONLY,UNDECIDED_PROVISIONAL,B,layer0 parameter semantics need revision-specific authority,no qualified runtime or B2 effect,local algebra and initialization effect unresolved,possible storage initialization semantics require checking,INSUFFICIENT_EVIDENCE,,ANIMO-SQ01_FOLLOWUP,Source-static gap is not yet a canonical defect claim
MP01-TCD025-MAIN-LEDGER,ANIMO-MP01,7b5979dd6301b9d55d23e8c22948a0dba24b229b,MAPOHYDRO|MAPOTRANSPORT|Outbal_calc|Outbal_write,macropore public main-ledger integration,specialized macropore kernels close a larger control volume than the public water and CNP ledgers represent,SrWaMp|RsCoMp*|direct drainage,DIRECT_TCD025,ATOMIC_EXISTING_LEDGER_CLAIM,A,revision53 macropore theory remains partial,no active historical B2 case,B1 specialized closure only,NONE_KNOWN,MAP_TO_EXISTING_TCD,TCD-025,PROPOSED_ANIMO-MP05,MP01 strengthens TCD025 without creating another phenomenon
MP01-LCL-INITIAL-NO3-VALIDATION,ANIMO-MP01,7b5979dd6301b9d55d23e8c22948a0dba24b229b,mapoinput,macropore initial-state validation,CoMpNi is read but its labelled NO3 range check passes CoMpNh values,initial macropore NO3 input acceptance,DISTINCT_FROM_TCD025,ATOMIC_LOCAL_SPECIES_VALIDATION,B,input contract and intended species check are source-identifiable,no natural active historical B2 case,LOW local validation path,NONE_KNOWN,NEW_CANONICAL_TCD_CANDIDATE,TCD-030,PROPOSED_ANIMO-MP03,Reserved fail-closed by B3I01
MP01-LCL-MACROPORE-SOLUTE-RESTART-PERSISTENCE,ANIMO-MP01,7b5979dd6301b9d55d23e8c22948a0dba24b229b,Output_Init|restart orchestration,macropore persistent restart state,active macropore solute state is promoted in memory but MPnitr MPorgs and MPphos persistent writer path is commented out,RsCoMpDiorMa|RsCoMpDiorNi|RsCoMpDiorPo|RsCoMpNh|RsCoMpNi|RsCoMpPo,DISTINCT_FROM_TCD025,ATOMIC_MISSING_RESTART_STATE_REPRESENTATION,C,restart ownership and reconstruction semantics required,no historical split-run B2 available,LOW except split-run equivalence,NONE_KNOWN,NEW_CANONICAL_TCD_CANDIDATE,TCD-031,PROPOSED_ANIMO-MP04,Same phenomenon independently confirmed by MP02 and not split twice
MP02-TCD025-COMPLETE-CASE-SYMPTOM,ANIMO-MP02,6b0f2e7470f13baeb6612b0bddb662a497dea528,MAPOHYDRO|MAPOTRANSPORT|Outbal_calc,macropore main-ledger integration,complete-case B1 activation confirms TCD025 residual symptoms while specialized route remains warning-free,public water and CNP balance residuals,DIRECT_TCD025,SAME_PHENOMENON_AS_MP01_TCD025,A,revision53 solute-transfer theory still partial,no historical B2 case,B1 complete-case diagnostic only,GNU diagnostic build only,MAP_TO_EXISTING_TCD,TCD-025,PROPOSED_ANIMO-MP05,Independent finding does not create a duplicate TCD
MP02-LCL-MACROPORE-SOLUTE-RESTART-PERSISTENCE,ANIMO-MP02,6b0f2e7470f13baeb6612b0bddb662a497dea528,Output_Init|complete-case restart surface,macropore persistent restart state,complete-case source audit confirms active restart output omits MPnitr MPorgs and MPphos,macropore solute accepted restart state,SAME_AS_MP01_RESTART_CANDIDATE,SAME_PHENOMENON_SINGLE_CANONICAL_ID,C,restart state ownership required,no continuous-versus-split B2 possible until representation exists,LOW,NONE_KN,MAP_TO_EXISTING_TCD,TCD-031,PROPOSED_ANIMO-MP04,TCD031 reservation owns the shared phenomenon
MP02-LCL-GNU-MAPOTRANSPORT-INVALID-GUARD,ANIMO-MP02,6b0f2e7470f13baeb6612b0bddb662a497dea528,MAPOTRANSPORT.FOR:MpTransp,diagnostic balance-warning guard,GNU active-route invalid flag localizes to Abs(BaDev/BaMx) inside an And guard while Intel historical effect and output materiality are unproven,IEEE invalid flag|diagnostic warning path,NO_SCIENTIFIC_TCD_RELATION,BUILD_RUNTIME_HAZARD,N/A,historical compiler evaluation semantics required,no B2 scientific discrepancy established,numerical warning expression only,HIGH historical compiler effect unresolved,BUILD_RUNTIME_HAZARD_NOT_TCD,,PROPOSED_ANIMO-BUILD01,Do not allocate a scientific TCD unless a model-state or flux effect is independently established
PREP10C-TCD028-EVENT-RESET,ANIMO-PREP10_AND_PREP10C,549545921dc8175f01d86c283647acd470c14290,Addit.for,stable DOM plough redistribution accumulator lifecycle,SuStdiorma SuStdiorni and SuStdiorpo are used across plough events without event-local zero initialization under current GNU diagnostics,stable DOM|DON|DOP redistribution accumulator,TCD028_ALREADY_RESERVED,ATOMIC_LOCAL_EVENT_ACCUMULATOR_IDENTITY,B,stable DOM extension theory remains incomplete but additive event-local identity is source-bound,B2 historical storage behavior not established,LOW,MEDIUM historical local-storage semantics still relevant,MAP_TO_EXISTING_TCD,TCD-028,ANIMO-PREP10C,TCD028 remains reserved and not B3-admitted
GHG01-LCL-METHANOGENESIS-SOURCE-POOL-TRANSFER,ANIMO-GHG01,dac7b7b5c591b781b82ec968896edb5957664c88,GHG_Miner|Rates2|GHG methane production,GHG methanogenesis source-pool transfers,CH4 production draws from multiple organic source pools while comprehensive GHG_Miner source-pool withdrawals are inactive and only separate DOM depletion was found active,DOM|exudates|humus|fresh OM|CH4 production,DISTINCT_FROM_TCD008_AND_TCD013,ATOMIC_PROCESS_TRANSFER_PATH,B,revision-specific CH4 source-pool theory still needs authority,no compatible historical GHG B2 case,LOW,NONE_KNOWN,NEW_CANONICAL_TCD_CANDIDATE,TCD-032,PROPOSED_ANIMO-GHG02,Reserved as source-confirmed candidate with correction not admitted
GHG01-LCL-CH4-PRODUCTION-COMPONENT-PARTITION,ANIMO-GHG01,dac7b7b5c591b781b82ec968896edb5957664c88,GHG methane production|Rates2,CH4 production component partition,total CH4 production is scaled by anaerobic fraction A while source-family components omit equivalent scaling and their sum closes to total divided by A,QPrCH4|QPrCH4Do|source-family components,DISTINCT_FROM_TCD032,ATOMIC_LOCAL_ALGEBRA_PARTITION,B,CH4 equation authority required for final intended identity,no compatible historical GHG B2 case,LOW,NONE_KNOWN,NEW_CANONICAL_TCD_CANDIDATE,TCD-033,PROPOSED_ANIMO-GHG02,Do not merge with source-pool transfer omission merely because both affect CH4 production
GHG01-LCL-CH4-FRESH-OM-WEIGHTING-INDEX,ANIMO-GHG01,dac7b7b5c591b781b82ec968896edb5957664c88,Inicalc,fresh organic matter methanogenic weighting,selector uses Recfav(Nf) for every fraction while each weight uses Recfav(Fn) and intended selector is unresolved,fresh OM fraction weights|CH4 source contribution,NO_EXISTING_TCD_MATCH,UNDECIDED_PROVISIONAL,B,intended fraction selector not established,no compatible historical GHG B2 case,LOW,NONE_KNOWN,INSUFFICIENT_EVIDENCE,,ANIMO-GHG01_FOLLOWUP,Source pattern is suspicious but canonical defect allocation would overclaim intent
GHG01-LCL-CH4-PLANT-GROWTH-TEMPERATURE-INDEX,ANIMO-GHG01,dac7b7b5c591b781b82ec968896edb5957664c88,GHG_Methane,CH4 plant-mediated transport growth factor,Te50 equals Te(Ln) before first local Ln assignment and feeds fGrow for root-zone K1plant,Te50|fGrow|K1plant|QOxCH4Plt|QEmCH4Plt,NO_EXISTING_TCD_MATCH,ATOMIC_USE_BEFORE_DEFINITION,B,intended temperature layer semantics require GHG theory,no compatible historical GHG B2 case,LOW,possible compiler-dependent first-read value but source use-before-definition is primary,NEW_CANONICAL_TCD_CANDIDATE,TCD-034,PROPOSED_ANIMO-GHG02,Reserved fail-closed with historical magnitude reference-blocked
GHG01-LCL-GHG-HIDDEN-TASK-STATE-PERSISTENCE,ANIMO-GHG01,dac7b7b5c591b781b82ec968896edb5957664c88,GHGponding|GHGasses|CH4oxid|N2Oproreduc|NO3N2OReduc|GHGtransport|GHGtranssub,GHG task-local state persistence,active Itask procedures require locals written in one invocation during later invocations without explicit arguments or SAVE,multiple GHG scientific intermediate states|transport coefficients,BUILD_CONTRACT_FAMILY_TCD011,SAME_BUILD_CONTRACT_PHENOMENON,N/A,historical Intel local-storage policy is unresolved,B2 interpretation depends on recovered build contract,numerical iterations may be affected,HIGH compiler storage duration is the controlling dependency,MAP_TO_EXISTING_TCD,TCD-011,PROPOSED_ANIMO-BUILD01,Do not broaden into a new scientific TCD before the compiler storage contract is resolved
GHG01-LCL-GHG-RESTART-PHASE-PARTITION,ANIMO-GHG01,dac7b7b5c591b781b82ec968896edb5957664c88,Inicalc|INITIAL.OUT|GHG phase reconstruction,GHG restart phase partition continuity,restart serializes total RsCs and reconstructs Co from Cs using Bunsen partitioning at fixed Terf rather than proven checkpoint thermodynamic state,RsCs|RsCo|Cs|Co|temperature-dependent phase partition,NO_EXISTING_TCD_MATCH,ATOMIC_RESTART_PHASE_STATE_GAP,C,authoritative phase and checkpoint reconstruction semantics required,no compatible GHG split-run B2 case,LOW,NONE_KNOWN,NEW_CANONICAL_TCD_CANDIDATE,TCD-035,PROPOSED_ANIMO-GHG03,No instantaneous mass-loss claim is made
GHG01-LCL-GHG-PONDING-RESTART-LAYER0,ANIMO-GHG01,dac7b7b5c591b781b82ec968896edb5957664c88,Inicalc|GHGtransport|INITIAL.OUT,ponding layer0 GHG restart continuity,layer0 GHG system state is serialized but dissolved reconstruction covers only layers 1 through Nl and pre-existing ponding does not trigger new-ponding overwrite,layer0 CH4|layer0 N2O|Co(0)|Cs(0),DISTINCT_FROM_TCD035,ATOMIC_LAYER0_RESTART_STATE_GAP,C,ponding phase ownership and reconstruction semantics required,no compatible GHG split-run B2 case,LOW,NONE_KNOWN,NEW_CANONICAL_TCD_CANDIDATE,TCD-036,PROPOSED_ANIMO-GHG03,Separate control-volume phenomenon from soil-layer phase partition
GHG01-LCL-GHG-OUTBAL-WORKING-ARRAYS,ANIMO-GHG01,dac7b7b5c591b781b82ec968896edb5957664c88,Outbal_calc,GHG balance observer interface,Outbal_calc consumes AmCH4 and AmN2Odeni although neither is passed into the routine and no active assignment under those symbols was found,GHG balance terms|CH4 and N2O accounting,RELATED_TO_TCD009_BUT_DISTINCT_INTERFACE_DEFECT,ATOMIC_BALANCE_OBSERVER_INTERFACE,A,ledger identity and intended producer semantics required,no compatible historical GHG B2 case,LOW,possible storage semantics must be excluded for observer arrays,NEW_CANONICAL_TCD_CANDIDATE,TCD-037,PROPOSED_ANIMO-GHG04,Class A remains provisional until unchanged physical state and flux are proven
GHG01-LCL-GAS-STORE-CN-CONTROL-VOLUME,ANIMO-GHG01,dac7b7b5c591b781b82ec968896edb5957664c88,Outbal family|GHG state owners,model-wide C and N conservation control volume,dynamic CH4-C and N2O-N gas stores are not canonical beginning and ending state in ordinary C and N residuals,CH4-C gas storage|N2O-N gas storage|atmosphere transfers,UMBRELLA_TCD009,ATOM_TCD009_GHG_GAS_STORE,A,control-volume identity needed,no compatible historical GHG B2 case,LOW,NONE_KNOWN,ATOMIZE_EXISTING_TCD,TCD-009-GHG-GAS-STORE,PROPOSED_ANIMO-GHG04,Do not create another top-level TCD for an accounting atom inside the existing mass-accounting umbrella
GHG01-LCL-N2O-NITRIFICATION-TEMPERATURE-SIGN-DOC-SOURCE,ANIMO-GHG01,dac7b7b5c591b781b82ec968896edb5957664c88,FracN2Onitr|2011 Appendix A17,N2O theory provenance,ANIMO-specific publication prints positive Q10 exponent while revision53 uses negative exponent and outside evidence supports the source direction without proving publication error,N2O nitrification fraction temperature response,TCD008_THEORY_VERSION_GAP,NOT_A_CORRECTION_ATOM,N/A,release-specific equation authority unresolved,no B2 needed until theory identity fixed,NONE,NONE_KNOWN,THEORY_PROVENANCE_GAP_NOT_TCD,TCD-008,ANIMO-GHG01_AND_ANIMO-TH02,Keep document-source conflict explicit without declaring source or publication defective
GHG01-LCL-N2O-REDUCTION-AERATION-FACTOR-DOC-SOURCE,ANIMO-GHG01,dac7b7b5c591b781b82ec968896edb5957664c88,N2O reduction|2011 Appendix A11,N2O theory provenance,publication omits fae from printed reduction numerator while revision53 folds aeration into RatFacN2O used by reduction partition,N2O reduction rate partition,TCD008_THEORY_VERSION_GAP,NOT_A_CORRECTION_ATOM,N/A,release-specific equation authority unresolved,no B2 needed until theory identity fixed,NONE,NONE_KNOWN,THEORY_PROVENANCE_GAP_NOT_TCD,TCD-008,ANIMO-GHG01_AND_ANIMO-TH02,No code-defect claim is admitted
